no,page,jap,eng,small,vmn,chn
0,tenki,雨雲,Nowcasts,あまぐも,Mây mưa,雨云
1,tenki,雷,Thunder,かみなり,Sấm sét,雷电
2,tenki,台風,Typhoon,たいふう,Bão nhiệt đới,台风
3,tenki,地点登録,Point registration,とうろく,Đăng ký địa điểm,地点注册
4,tenki,天気,Weather,てんき,Thời tiết,天气
5,tenki,地震,Earthquake,じしん,Động đất,地震
6,tenki,火山,Volcano,かざん,Núi lửa,火山
7,tenki,警報,Alert,けいほう,Cảnh báo,警报
0,kikikuru,土砂災害,Landslide risk,どしゃさいがい,Thảm họa sạt lở đất,泥石流灾害 / 山体滑坡灾害
1,kikikuru,浸水害,Inundation risk,しんすい,Thiệt hại do ngập lụt,渗水灾害
2,kikikuru,洪水害,Flood risk,こうずい,Thiệt hại do lũ lụt,洪水灾害
3,kikikuru,雨雲,Nowcasts,あまぐも,Mây mưa,雨云
0,sonae,非常用品,Emergency supplies,ひじょうようひん,Đồ dùng khẩn cấp,应急用品
1,sonae,大雨時の行動,Behavior during heavy rain,おおあめのときのこうどう,Hành động khi mưa lớn,大雨时的行动
2,sonae,警戒レベル,Vigilance level,けいほうレベル,Mức độ cảnh báo,警戒级别
3,sonae,避難所,Shelter,ひなんするばしょ,Nơi trú ẩn,避难所
4,sonae,ハザードマップ,Hazard map,ハザードマップ,Bản đồ rủi ro (hazard map),灾害风险地图
5,sonae,避難所の保存,Saving evacuation sites,ひなんするばしょのかくにん,Lưu trữ thông tin nơi trú ẩn,保存避难所
6,sonae,ハザードマップの保存,Save hazard map,ハザードマップのほぞん,Lưu trữ bản đồ rủi ro,保存灾害风险地图
7,sonae,浸水深さ,Inundation depth,しんすいのふかさ,Độ sâu ngập nước,积水深度
8,sonae,公共施設の防災,Disaster prevention for public facilities,こうきょうしせつのぼうさい,Phòng chống thiên tai cho cơ sở công cộng,公共设施的防灾
9,sonae,通知設定,Notification Settings,つうちせってい,Cài đặt thông báo,通知设置
0,kikikuru1,雨雲と重ねるキキクルを選んでください,choose the kikikuru map which overlap with clouds map,あまぐもとかさねるききくるをえらんでください,Hãy chọn Kiki Kuru để chồng lên mây mưa,请选择与雨云重叠的**キキクル（危险度分布）**
1,kikikuru1,雨雲viewの透過度,transparency of clouds view,あまぐもビューのとうめいど,Độ trong suốt của chế độ xem mây mưa,雨云视图的透明度
2,kikikuru1,折りたたむ,close,とじる,Thu gọn lại,折叠
3,kikikuru1,コントローラーの表示,display controller,ひょうじ,Hiển thị bộ điều khiển,控制器的显示
25,shinsui,現在地住所,current address,いまいるばしょのじゅうしょ,Địa chỉ vị trí hiện tại,当前地址
26,shinsui,現在地の標高,current elevation,いまいるばしょのたかさ,Độ cao so với mực nước biển tại vị trí hiện tại,当前海拔
27,shinsui,現在地の最大想定浸水深さ,estimated inundation depth of current location,,Độ sâu ngập nước tối đa dự kiến tại vị trí hiện tại,当前地点的最大预想积水深度
0,mochi,懐中電灯,flashlight,かいちゅうでんとう,Đèn pin,手电筒
1,mochi,モバイルバッテリー,mobile battery,モバイルバッテリー,Pin sạc dự phòng,移动电源
2,mochi,予備の電池,spare battery,でんち,Pin dự phòng,备用电池
3,mochi,ラジオ,radio,ラジオ,Đài radio,收音机
4,mochi,貴重品,Valuables,きちょうひん,Đồ quý giá,贵重物品
5,mochi,衣類・下着,clothing/underwear,ようふく・したぎ,Quần áo và đồ lót,衣物・内衣
6,mochi,保存食,preserved food,ほぞんしょく,Thực phẩm dự trữ,储备食品
7,mochi,ライター,lighter,ライター,Bật lửa,打火机
8,mochi,防寒グッズ,cold weather goods,ぼうかんぐっず,Đồ giữ ấm,保暖用品
9,mochi,救急用品,first aid supplies,きゅうきゅうようひん,Đồ sơ cứu,急救用品
10,mochi,携帯電話,cell phone,けいたいでんわ,Điện thoại di động,手机
11,mochi,衛生用品,hygiene products,えいせいようひん,Đồ dùng vệ sinh,卫生用品
12,mochi,筆記用具,writing utensil,ひっきようぐ,Dụng cụ viết,书写工具
13,mochi,赤ちゃんに必要なもの,baby needs,あかちゃんにひつようなもの,Đồ dùng cần thiết cho em bé,婴儿必需品
14,mochi,犬に必要なもの,dog needs,いぬにひつようなもの,Đồ dùng cần thiết cho chó,狗狗必需品
15,mochi,大きな地震が起きると家具や家電が倒れてきたり、ガラスが割れて床に飛び散ったりします。このような地震が夜にくると部屋が真っ暗で避難するのも大変です。そんなときに懐中電灯があると辺りを照らすことができるので、危ないものを避けて避難することができます。,When a big earthquake occurs、 furniture and home appliances fall over、 and glass breaks and scatters on the floor. When an earthquake like this comes at night、 it's hard to evacuate because the room is pitch black. then、with a flashlight、 you can illuminate the area、 so you can avoid dangerous things and evacuate.,おおきなじしんがおきるとかぐやかでんがたおれてきたり、がらすがわれてゆかにとびちったりします。このようなじしんがよるにくるとへやがまっくらでひなんするのもたいへんです。そんなときにかいちゅうでんとうがあるとまわりをてらすことができるので、あぶないものをさけてひなんすることができます。,Khi xảy ra động đất lớn、 đồ nội thất và đồ điện tử có thể bị đổ、 hoặc kính có thể vỡ và văng tung tóe trên sàn. Nếu trận động đất như vậy xảy ra vào ban đêm、 căn phòng sẽ trở nên tối đen và việc sơ tán sẽ rất khó khăn. Trong những trường hợp như vậy、 nếu có đèn pin、 bạn có thể chiếu sáng xung quanh、 giúp tránh các vật nguy hiểm và sơ tán một cách an toàn.,大地震发生时、家具和家电可能会倒塌、玻璃破裂散落在地面。如果地震发生在夜间、房间一片漆黑、避难变得更加困难。这时候、手电筒可以照亮周围环境、帮助避开危险物品进行避难。
16,mochi,情報収集したり家族の安否を確認したりするためには、スマホは必需品です。しかし、災害時に停電が起こるとスマホの充電ができなくなります。そのために、モバイルバッテリーがあると停電中でも心の余裕を持つことができます。,Smartphones are essential items for collecting information and checking the safety of family members. but if a power outage occurs during a disaster、 you will not be able to charge your smartphone.  so with a mobile battery、 you can have peace of mind even during a power outage.,じょうほうをあつめたりかぞくのあんぜんをかくにんしたりするためには、スマホはひつようなものです。しかし、さいがいのときにていでんがおこるとスマホのじゅうでんができなくなります。そのために、モバイルバッテリーがあるとていでんちゅうでもこころのよゆうをもつことができます。,Điện thoại thông minh là vật dụng cần thiết để thu thập thông tin và kiểm tra tình trạng an toàn của gia đình. Tuy nhiên、 khi xảy ra mất điện trong thảm họa、 bạn sẽ không thể sạc điện thoại. Do đó、 nếu có pin sạc dự phòng、 bạn có thể giữ được sự yên tâm ngay cả khi bị mất điện.,了解信息、确认家人安全、手机是必需品。但是、灾害发生时可能会停电、无法为手机充电。因此、准备移动电源可以在停电期间保持通讯畅通、减少焦虑感。
17,mochi,ライトやラジオも電池がないと使うことができません。予備があれば電池の減りなど気にせず使えることができ、安心します。乾電池は液漏れ防止のものを選びましょう。,Lights and radios cannot be used without batteries. If you have a spare、 you can use it without worrying about the battery running out、 so you can rest assured. Choose batteries that do not leak.,ライトやラジオもでんちがないとつかうことができません。よびがあればでんちのへりなどきにせずつかえることができ、あんしんします。,Đèn pin hay radio cũng không thể sử dụng nếu không có pin. Nếu có pin dự phòng、 bạn có thể sử dụng mà không lo lắng về việc hết pin、 giúp bạn an tâm hơn. Hãy chọn loại pin khô có khả năng chống rò rỉ.,灯光和收音机如果没有电池就无法使用。准备备用电池可以确保设备持续运行、不必担心电量耗尽。选择防漏电的干电池以防止液体泄漏。
18,mochi,停電時や災害の際、テレビが見れなくなったり、ネットが繋がらなかったり、情報を得たとしてもそれがデマ情報だった場合もあります。スマホと違って消費電力が少なく、被災した地域をメインに情報を伝えることができます。,In the event of a power outage or disaster、 you may not be able to watch TV or connect to the Internet、 or even if you get information、 it may be false information. Unlike smartphones、 it consumes less power and can mainly receive information about the affected areas.,ていでんのときやさいがいのとき、テレビがみれなくなったり、ネットがつながらなかったり、じょうほうをえたとしてもそれがまちがったじょうほうだったばあいもあります。スマホとちがってつかうでんりょくがすくなく、さいがいのおこったちいきをめいんにじょうほうをつたえることができます。,Khi mất điện hoặc xảy ra thảm họa、 bạn có thể không xem được TV hoặc không kết nối được Internet、 và ngay cả khi có thông tin、 đôi khi đó có thể là tin giả. Khác với điện thoại thông minh、 radio tiêu thụ ít điện năng hơn và có thể cung cấp thông tin chủ yếu cho các khu vực bị ảnh hưởng bởi thảm họa.,停电或灾害发生时、可能无法观看电视或上网、即使获取到信息、也可能是虚假信息。相比手机、收音机耗电量更少、并且能够专注于向受灾地区传达准确的信息。
19,mochi,・現金（硬貨）,cash (coin),おかね,・Tiền mặt (tiền xu),现金（硬币）
20,mochi,・通帳,passbook,つうちょう,・Sổ tiết kiệm,存折
21,mochi,・身分証明書・各種カード,Identification、 various cards,みぶんしょうめいしょ・かくしゅかーど,・Giấy tờ tùy thân và các loại thẻ,身份证・各类卡片
22,mochi,・印鑑,signature stamp,いんかん,・Con dấu,印章
23,mochi,・家や車の予備鍵,spare house or car key,いえのかぎ,・Chìa khóa dự phòng cho nhà và xe,备用钥匙（房屋、汽车）
24,mochi,停電時にはキャッシュカードが使えない可能性があるので、現金を用意しておきましょう。小銭を多めにしておくと、固定電話やスマホを使えないときに公衆電話を使うときなどに便利です。また、免許証や保険証といった身分証明書があると、被災後のさまざまな届出をする際にスムーズにことが運びます。,Cash cards may not work during power outages、 so be prepared with cash.It is convenient to have enough coins in order to use public phone when you cannot use a landline phone or a smartphone.also if you have an identification card such as a driver's license or insurance card、 things will go smoothly when making various notifications after a disaster.,,Khi mất điện、 thẻ tín dụng có thể không sử dụng được、 vì vậy bạn nên chuẩn bị tiền mặt. Nếu bạn chuẩn bị nhiều tiền xu、 sẽ rất tiện lợi khi cần sử dụng điện thoại công cộng khi không thể dùng điện thoại cố định hoặc smartphone. Ngoài ra、 nếu có giấy tờ tùy thân như bằng lái xe hoặc thẻ bảo hiểm、 bạn sẽ dễ dàng thực hiện các thủ tục đăng ký sau thảm họa.,停电时、银行卡可能无法使用、因此需要准备现金。多准备一些硬币、在固定电话或手机无法使用时、可以用来拨打公用电话。此外、身份证、驾驶证、保险证等证件有助于灾后办理各类手续。
25,mochi,雨の時に、災害がおこると服が濡れてしまい風邪をひくかもしれません。コンパクトにまとまるダウンジャケット、ダウンパンツなど暖かく軽量のものがおすすめです。できる限り替えの服もいれておくといいです。,When it rains、 if a disaster happens、 your clothes will get wet and you may catch a cold.Warm and lightweight items such as down jackets and down pants that can be put together compactly are recommended. It's good to bring a change of clothes as much as possible.,あめのときに、さいがいがおこるとふくがぬれてしまいかぜをひくかもしれません。ちいさくまとまるダウンジャケット、ダウンパンツなどあたたかくかるいものがおすすめです。できるかぎりかえのふくもいれておくといいです。,Khi mưa、 nếu xảy ra thảm họa、 quần áo của bạn có thể bị ướt và bạn có thể bị cảm lạnh. Những món đồ ấm áp và nhẹ như áo khoác lông vũ gọn nhẹ hoặc quần lông vũ là lựa chọn tuyệt vời. Bạn cũng nên chuẩn bị thêm quần áo thay thế nếu có thể.,灾害发生时如果下雨、衣物可能会被淋湿、容易感冒。建议准备轻便保暖的羽绒服、羽绒裤等、并尽量多带一套换洗衣物。
26,mochi,・缶詰・乾パン,canned food、 dried bread,・かんづめ・かんぱん,・Thực phẩm đóng hộp và bánh mì khô,罐头食品・压缩饼干
27,mochi,・飲料水,drinking water,・のみみず,・Nước uống,饮用水
28,mochi,・アルファ米,alpha rice,・おこめ,・Gạo alpha (gạo chế biến sẵn),速食米
29,mochi,・チョコレート,chocolate,・チョコレート,・Socola,巧克力
30,mochi,自宅が倒壊した場合は避難所での生活を送ることになります。救援物資が届くまで最短でも3日かかると想定しましょう。,If your house collapses、 you will have to live in an evacuation center. please assume that it will take at least three days for relief supplies to arrive.,いえがたおれたばあいはひなんするばしょでせいかつをおくることになります。,Nếu nhà của bạn bị sập、 bạn sẽ phải sống tại nơi trú ẩn. Hãy chuẩn bị tâm lý rằng việc cứu trợ có thể mất ít nhất 3 ngày để đến.,如果房屋倒塌、可能需要在避难所生活。预计救援物资至少需要3天才能到达、因此需要提前准备足够的食品和饮用水。
31,mochi,震災時には、電気ガスが使えない可能性があります。その状況で生き延びるために火を起こすことが重要です。また、食べ物を温めたり、食べられる物を確保して加熱して食べる必要が出てくるかもしれません。,In the event of an earthquake、 electric gas may not be available. It is important to start a fire to survive in that situation. Also you may need to heat your food or find something edible to heat up before eating.,しんさいのときには、でんきガスがつかえないかのうせいがあります。そのじょうきょうでいきのびるためにひをおこすことがじゅうようです。また、たべものをあたためたり、たべられるものをかくほしてかねつしてたべるひつようがでてくるかもしれません。,Trong trường hợp động đất、 có thể không sử dụng được điện và gas. Vì vậy、 việc tạo lửa để sinh tồn trong tình huống này là rất quan trọng. Ngoài ra、 có thể bạn sẽ cần phải làm nóng thức ăn hoặc tìm kiếm những món ăn có thể ăn được và đun nóng trước khi ăn.,地震发生时、电和燃气可能无法使用。在这种情况下、生火至关重要、可以用来加热食物、确保能够吃到安全的食物。
32,mochi,・毛布,blanket,・もうふ,・Chăn,毛毯
33,mochi,・カイロ,hot pack,・カイロ,・Tấm sưởi ấm ,暖宝宝
34,mochi,・アルミホイル,aluminum foil,・アルミホイル,・Giấy bạc (bọc thực phẩm),铝箔
35,mochi,冬に災害が起こった場合には、寒さで寝れなかったり風邪をひいたりします。また、お年寄りや赤ちゃん、体が弱い人は、低体温症になる可能性があります。,you cannot sleep and get ill because of cold in the case of a disaster in winter.also baby、elderly、and person who is in delicate health may be hypothermia.  ,ふゆにさいがいがおこったばあいには、さむさでねれなかったりかぜをひいたりします。また、おとしよりやあかちゃん、からだがよわいひとは、ていたいおんしょうになるかのうせいがあります。,Khi xảy ra thảm họa vào mùa đông、 bạn có thể không ngủ được vì lạnh hoặc có thể bị cảm lạnh. Ngoài ra、 những người già、 em bé và những người có sức khỏe yếu có thể gặp nguy cơ bị hạ thân nhiệt.,冬季发生灾害时、低温可能导致失眠或感冒。特别是老人、婴儿及身体虚弱者、可能面临失温风险。
36,mochi,大きな災害が発生するとケガをする可能性が高くなります。災害直後は医療体制も混乱することが考えられるため、応急手当てができるように救急セットを用意しておきましょう。,when the huge disaster strikes、you are likely to get hurt.make sure to prepare first aid kit to be able to first aid as immediately after a disaster、 the medical system may be confused.,おおきなさいがいがはっせいするとケガをするかのうせいがたかくなります。さいがいちょくごはいりょうたいせいもこんらんすることがかんがえられるため、おうきゅうてあてができるようにきゅうきゅうセットをよういしておきましょう。,Khi thảm họa lớn xảy ra、 khả năng bị thương sẽ tăng cao. Ngay sau thảm họa、 hệ thống y tế có thể bị hỗn loạn、 vì vậy hãy chuẩn bị một bộ sơ cứu để có thể thực hiện các biện pháp cấp cứu.,重大灾害发生时、受伤的可能性很高。由于灾害初期医疗体系可能混乱、建议提前准备急救包、以便进行应急处理。
37,mochi,情報を収集したり家族の安否を確認するために必要になります。,it need in order to collect information and confirm the safety of family members.,じょうほうをあつめたりかぞくのあんぴをかくにんするためひつようになります。,Điều này là cần thiết để thu thập thông tin và kiểm tra tình trạng an toàn của gia đình.,了解信息、确认家人安全、手机是必需品。但是、灾害发生时可能会停电、无法为手机充电。因此、准备移动电源可以在停电期间保持通讯畅通、减少焦虑感。
38,mochi,・ウェットティッシュ・トイレットペーパー,wet wipes/toilet paper,・ウエットティッシュ・トイレットペーパー,・Khăn ướt và giấy vệ sinh,湿巾・卫生纸
39,mochi,・歯ブラシ,toothbrush,・はぶらし,・Bàn chải đánh răng,牙刷
40,mochi,・タオル,towel,・タオル,・Khăn tắm,毛巾
41,mochi,・マスク,mask,・マスク,・Khẩu trang,口罩
42,mochi,・生理用品,sanitary items,・せいりようひん,・Dụng cụ vệ sinh phụ nữ,生理用品
43,mochi,・災害発生時には水の供給がストップして、入浴や歯磨きなどが十分にできなくなるかもしれません。体が不衛生な状態が続くと健康を害しやすいため、衛生用品の準備には万全にしておきましょう。,you may be hardly able to brush teeth and take a bath because of water outage when disaster strikes. make sure to prepare your hygiene supplies as it makes you unhealthy to stay unsanitary.,・さいがいのときにはみずのきゅうきゅうがすとっぷして、にゅうよくやはみがきなどがじゅうぶんにできなくなるかもしれます。からだふえいせいなじょうたいがつづくとけんこうをわるくしてしまうため、えいせいようひんのじゅんびにはばんぜんにしておきましょう。,・Khi thảm họa xảy ra、 nguồn cung cấp nước có thể bị ngừng、 và bạn có thể không thể tắm rửa hay đánh răng đầy đủ. Nếu cơ thể duy trì trong tình trạng không vệ sinh trong thời gian dài、 sức khỏe sẽ dễ bị ảnh hưởng. Vì vậy、 hãy chuẩn bị đầy đủ các dụng cụ vệ sinh để đảm bảo sức khỏe.,・灾害发生时、供水可能中断、无法充分洗澡或刷牙。为了保持个人卫生、请提前准备必要的卫生用品。
44,mochi,避難所で私物に名前を書いたり、伝言を残したりする時に必要になります。,it need in order to leave a message and write name on personal belongings at the evacuation center.,ひなんしたばしょでじぶんのものになまえをかいたり、でんごんをのこしたりするひつようになります。,Điều này sẽ cần thiết khi bạn cần ghi tên lên đồ cá nhân hoặc để lại lời nhắn tại nơi trú ẩn.,・在避难所、需要在个人物品上写名字或留下留言时、这些物品会派上用场。
45,mochi,・粉ミルク・離乳食・哺乳瓶・スプーン,powdered milk、 baby food、 baby bottle、 spoon,・こなみるく・りにゅうしょく・ほにゅうびん・すぷーん,・Sữa bột、 thức ăn dặm、 bình sữa、 thìa,奶粉・辅食・奶瓶・勺子
46,mochi,・バスタオル・ガーゼ・着替え,bath towel、 gauze、 change of clothes,・ばすたおる・がーぜ・きがえ,・Khăn tắm、 gạc、 quần áo thay thế,浴巾・纱布・换洗衣物
47,mochi,・おむつ・お尻ふき,diapers and wipes,・おむつ・おしりふき,・Tã、 khăn ướt,尿布・湿巾
48,mochi,・母子手帳,mother and child handbook,・ぼしてちょう,・Sổ sức khỏe mẹ và bé,母子健康手册
49,mochi,・おもちゃ,toys,・おもちゃ,・Đồ chơi,玩具
50,mochi,・非常食・飲料水,emergency food/drinking water,・ひじょうしょく・のみみず,・Thực phẩm khẩn cấp、 nước uống,紧急粮食・饮用水
51,mochi,・避難用具（ケージ、クレート、キャリーケース）,evacuation equipment (cage、 crate、 carry case),・けーじ・くれーと・きゃりーけーす,・Dụng cụ sơ tán (lồng、 hộp đựng、 túi xách),避难工具（笼子、航空箱、便携箱）
52,mochi,・鑑札・迷子札,License/Lost tag,・かんさつ・まいごふだ,・Thẻ nhận diện、 thẻ tên cho thú cưng,识别牌・防丢牌
53,mochi,・タオル、新聞紙,towels、 newspaper,・たおる・しんぶんし,・Khăn tắm、 báo giấy,毛巾・报纸
54,mochi,チェックの数,number of checks,チェックの数,Số lượng kiểm tra,选择数量
55,mochi,長押しタップ,long tap,長押しタップ,Nhấn giữ,长按
0,ooame,大雨の時の自分の行動を整理しましょう,Arrange your actions during heavy rain,おおあめのときのじぶんのこうどうをみなおしましょう,Hãy sắp xếp hành động của bạn trong thời gian mưa lớn.,整理暴雨时的行动计划
1,ooame,「大雨時の行動整理」ボタンを押して、身の回りの災害リスクを明らかにし、大雨時の自分の行動を決めておきましょう。,Press [Arrange actions during heavy rain] button to clarify the disaster risk around you and decide what to do in case of heavy rain.,「おおあめのときのじぶんのこうどうをみなおそう」ぼたんをおして、じぶんのまわりのさいがいのかのうせいをみて、おおあめのときのじぶんのとらなきゃいけないうごきをかくにんしましょう。,"Hãy nhấn nút ""Sắp xếp hành động trong mưa lớn"" để làm rõ các rủi ro thiên tai xung quanh bạn và quyết định hành động của mình trong thời gian mưa lớn.",点击“暴雨时的行动整理”按钮、明确周围的灾害风险、并提前规划暴雨时的行动方案。
2,ooame,大雨の時のあなたの避難行動,your actions during heavy rain,おおあめのときのあなたのひなんするためのうごき,Hành động sơ tán của bạn trong thời gian mưa lớn.,暴雨时的避难行动
3,ooame,立退き避難先,evacuation site,ひなんさき,Nơi sơ tán khi di tản,撤离避难地点
4,ooame,親戚・知人宅,friend's house etc.,しんせき・ともだちのいえ,Nhà của họ hàng hoặc bạn bè,亲戚・朋友家
5,ooame,指定緊急避難場所,emergency evacuation site,きけんなとき、いのちをまもるためにじぶんたちでいそいでひなんするためのばしょ,Nơi trú ẩn khẩn cấp được chỉ định,指定紧急避难场所
6,ooame,移動手段・移動時間,transportation、time,うごくためのほうほう・うごくためにかかるじかん,Phương tiện di chuyển・Thời gian di chuyển,移动方式・移动时间
0,ooame1,問１　自宅に災害リスクがありますか？,Q1 Does your house have disaster risk?,もんだい1　じぶんのいえにさいがいのかのうせいがありますか？,Câu hỏi 1: Nhà của bạn có nguy cơ thiên tai không?,问题1：您的住所是否存在灾害风险？
1,ooame1,水害のリスク,flood risk,こうずいのせいでおこるさいがいのかのうせい,Nguy cơ lũ lụt,水灾风险
2,ooame1,浸水の深さを入力してください,enter the depth of inundation,みずがはいってきたときのみずのふかさをにゅうりょくしてください,Hãy nhập độ sâu ngập nước.,请输入可能的淹水深度
3,ooame1,土砂災害のリスク,Landslide risk,やまやがけがくずれたり、つちやすながかわにながれたりするかのうせい,Nguy cơ lở đất,山体滑坡风险
0,ooame2,問２　自宅を離れた避難（立退き避難）が必要ですか？,Do you need an evacuation away from home?,もんだい2　じぶんのいえからはなれたひなんがひつようですか？,Câu hỏi 2: Có cần phải di tản rời khỏi nhà (di tản cưỡng chế) không?,问题2：是否需要撤离避难？
1,ooame2, 条件が一つでも当てはまれば、立退き避難が必要です。,If even one of the conditions is met、 it is necessary to evacuate.,ひとつでもあてはまるものがあったら、いそいでそのばをはなれてひなんそろことがだいじです。,Nếu một trong các điều kiện này được áp dụng、 thì việc di tản cưỡng chế là cần thiết.,如果符合以下任一条件、就需要撤离避难。
2,ooame2,水害のリスク,flood risk,こうずいのせいでおこるさいがいのかのうせい,Nguy cơ lũ lụt,水灾风险
3,ooame2,家屋倒壊等氾濫想定区域である,It is an area where flooding that collapses houses is expected.,いえがこわれるかのうせいがあるばしょである,Là khu vực dự kiến bị ngập lụt hoặc sập nhà.,住所位于洪水泛滥预想区域
4,ooame2,居室は、浸水の深さより低い,The living room is lower than the depth of inundation,へや・しんしつ・だいどころはみずがはいってきたときのたかさよりひくい,Phòng ở thấp hơn độ sâu ngập nước,居住房间低于预想淹水深度
5,ooame2,水・食料奈等の備えが十分でない,Insufficient stock of water、 food、 etc.,みず・たべものなどのじゅんびができていない,Không có đủ nước、 thực phẩm、 hoặc đồ dự trữ cần thiết,水和食物等储备不足
6,ooame2,土砂災害のリスク,Landslide risk,やまやがけがくずれたり、つちやすながかわにながれたりするかのうせい,Nguy cơ lở đất,山体滑坡风险
7,ooame2,十分堅牢なマンションの上階等ではない,Not on the upper floors of a sufficiently robust apartment,かたくてじょうぶなマンジョンのうえのほうではない,Không phải là tầng trên của tòa nhà chung cư đủ kiên cố,住所并非坚固的高层建筑
0,ooame3,問３　立退き避難の避難先はどこですか？ ,Q3 Where is the evacuation site?,もんだい3　ひなんさきはどこですか？,Câu hỏi 3: Nơi di tản khi sơ tán cưỡng chế của bạn ở đâu?,问题3：撤离避难的目的地是哪里？
1,ooame3,問２で災害リスクがない場合も危険を感じた場合の立退き避難先を考えてください。,Even if there is no disaster risk in Q2、 think about where to evacuate if you feel danger.,もんだい2でさいがいのかのうせいないときもあぶないとかんじたときのみをまもるためのひなんさきをかんがえてください。,Ngay cả khi không có nguy cơ thiên tai trong Câu hỏi 2、 hãy suy nghĩ về nơi di tản cưỡng chế nếu bạn cảm thấy nguy hiểm.,即使在问题2中没有灾害风险、也请考虑在感到危险时的撤离避难地点。
2,ooame3,A 安全な場所に住んでいて身を寄せられる親戚や知人はいますか？　いたら記入してください。,A Do you have relatives or acquaintances who live in a safe place and can go to?  Please fill in if applicable.,A　あんぜんなばしょにすんでいてしんらいできるしんせきやともだちはいますか？,A. Có người thân hoặc bạn bè nào sống ở nơi an toàn mà bạn có thể nương nhờ không? Nếu có、 hãy ghi rõ.,A 您是否有住在安全地区并可依靠的亲戚或朋友？如有、请填写。
3,ooame3,B 指定緊急避難場所はどこですか？,B Where is the assigned　emergency evacuation site?,B　きめてあるひなんばしょはどこですか？,B. Nơi trú ẩn khẩn cấp được chỉ định của bạn ở đâu?,B 指定的紧急避难场所在哪里？
0,ooame4,問４　自分または一緒に避難する方は避難に時間がかかりますか？,Q4 Does it take any time for you or the person evacuating with you to evacuate?,もんだい4　じぶん、またはいっしょにひなんするひとはひなんにじかんがかかりますか？,Câu hỏi 4: Bạn hoặc những người sơ tán cùng bạn có mất nhiều thời gian để sơ tán không?,问题4：您或同行避难者是否需要较长的避难时间？
1,ooame4,※本アプリは移動時間の合計が30分を目安に判定を行います。,This application judges the total move time based on 30 minutes as a guide.,※このアプリはいどうじかんのごうけいが３０分をきじゅんにじかんをはかっています。,※ Ứng dụng này sẽ đánh giá dựa trên tổng thời gian di chuyển khoảng 30 phút.,※本应用将避难所需的总时间以30分钟为基准进行判断。
2,ooame4,誰と,with who,だれと,Đi cùng ai,与谁同行
3,ooame4,移動手段,transportation,いどうのほうほう,Phương tiện di chuyển,移动方式
4,ooame4,準備にかかる時間,time to prepare,いどうにかかるじかん,Thời gian chuẩn bị,准备所需时间
5,ooame4,移動にかかる時間,time to move,いどうにかかるじかん,Thời gian di chuyển,移动所需时间
6,ooame4,移動時間の合計,total move time,いどうじかんのごうけい,Tổng thời gian di chuyển,总移动时间
0,ooame5,問５　自宅に、予測が困難な災害リスクがありますか？,Q5 Does your home have disaster risks that are difficult to predict?,もんだい5　じぶんのいえに、そうぞうができないようなさいがいのかのうせいがありますか？,Câu hỏi 5: Nhà của bạn có nguy cơ thiên tai khó dự đoán không?,问题5：您的住所是否存在难以预测的灾害风险？
1,ooame5,自宅に、以下の条件が当てはまりますか?１つでも当てはまれば、予測困難な災害リスク「あり」です。,Do any of the following apply to your home? If even one is true、 there is a disaster risk that is difficult to predict.,じぶんのいえに、このしたのじょうけんがあてはまりますか？ひとつでもあてはまったら、そうぞうができないようなさいがいのかのうせい「あり」です。,Nhà của bạn có thuộc các điều kiện sau đây không? Nếu có một điều kiện áp dụng、 sẽ được coi là có nguy cơ thiên tai khó dự đoán.,您的住所是否符合以下条件？如果符合任意一项、则存在难以预测的灾害风险。
2,ooame5,(１)急激な水位上昇のおそれがある河川が近くにある。,(1)There is a nearby river that is at risk of a sudden rise in water level.,(1)　きゅうにみずがふえるかのうせいがあるかわがちかくにある。,(1) Có con sông gần đó có khả năng mực nước tăng đột ngột.,1.住所附近有可能发生急剧水位上升的河流。
3,ooame5,(２)土砂災害のリスクがある。,(2)There is a risk of landslide disaster.,(2)　やまやがけがくずれたり、つちやすながかわにながれたりするかのうせいがある。,(2) Có nguy cơ lở đất.,2.存在山体滑坡的风险。
0,ooame_lv1,安全な場所にいる人まで避難する必要はありません,People in safe places do not need to evacuate.,あんぜんなばしょにいるひとまでひなんするひつようはないです,Những người ở nơi an toàn không cần phải sơ tán.,处于安全地区的人无需避难。
1,ooame_llv1,ハザードマップで表現されていない災害リスクを見逃さないよう、事前にしっかり確認しましょう,Be sure to check in advance so that you do not miss any disaster risks that are not displayed on the hazard map.,ハザードマップにかかれていないさいがいのかのうせいをみおとさないように、しっかりとかくにんしましょう。,Hãy kiểm tra kỹ trước để không bỏ sót các rủi ro thiên tai không được thể hiện trên bản đồ nguy cơ.,请提前仔细确认、避免忽略灾害地图上未标示的灾害风险。
0,ooame_llv2,自宅に留まり安全確保することも可能です,You can stay home and stay safe,じぶんのいえにいてあんぜんをたもつこともできます,Bạn cũng có thể ở lại nhà để đảm bảo an toàn.,也可以选择留在家中确保安全。
1,ooame_llv2,少しでも上へ移動　山や崖等から離れた部屋へ移動　危険を感じたら立退き避難,Move up even a little. Move to a room away from mountains、 cliffs、 etc. Evacuate if you feel danger.,すこしでもうえにいどう　やまやがけなどからはなれたへやにいどう　きけんだなとおもったらすぐにひなん,Hãy di chuyển lên nơi cao hơn、 đến phòng cách xa núi hoặc vách đá、 và sơ tán nếu cảm thấy nguy hiểm.,尽量向高处移动、远离山体或悬崖的房间、如感到危险应立即撤离避难。
0,ooame_llv3,警戒レベル３で確実に避難,Surely evacuate at alert level 3,けいかいレベル3でぜったいにひなん,Sơ tán chắc chắn ở mức cảnh báo cấp 3.,预警等级3：高龄者等应立即避难
1,ooame_llv3,高齢者等避難,Evacuation order for the elderly,としをとったおじいちゃんおばあちゃんたちはひなん,Sơ tán người cao tuổi và các đối tượng cần hỗ trợ.,高龄者等避难
0,ooame_llv4,警戒レベル４で確実に避難,Surely evacuate at alert level 4,けいかいレベル4でぜったいにひなん,Sơ tán chắc chắn ở mức cảnh báo cấp 4.,预警等级4：所有人必须立即避难
1,ooame_llv4,避難指示,evacuation order,ひなんのめいれい,Chỉ thị sơ tán.,避难指示
0,ooame6,大雨時の行動整理,Arrange actions during heavy rain,おおあめのときのじぶんのこうどうの,Sắp xếp hành động khi có mưa lớn.,整理暴雨时的行动计划
1,ooame6,ハザードマップを表示,display hazard map,ハザードマップをひょうじする,Hiển thị bản đồ nguy cơ.,显示灾害地图
2,ooame6,避難所を表示,display evacuation center,ひなんするところをひょうじする,Hiển thị nơi trú ẩn.,显示避难所
3,ooame6,判定,judge,はんていする,Phán định,评估
4,ooame6,次へ,next,つぎへ,Tiếp theo,下一步
0,hinan,ピンを選んで長押しすると、”ルート”を表示します,Select a pin and press and hold to display the route .,ピンを長おすると、”ルート”が表示されます,"Chọn ghim và nhấn giữ để hiển thị ""lộ trình"".",长按选择的标记可显示“路线”。
1,hinan,洪水,flood,こうずい,Lũ lụt,洪水
2,hinan,地震,earthquake,じしん,Động đất,地震
3,hinan,津波,tsunami,つなみ,Sóng thần,海啸
4,hinan,避難所,Shelter,ひなんするばしょ,Nơi trú ẩn,避难所
5,hinan,もどる,Back,もどる,Quay lại,返回
6,hinan,現在地,You are here,いまいるばしょ,Vị trí hiện tại,当前位置
7,hinan,検索,search,けんさく,Tìm kiếm,搜索
8,hinan,ルート,root,ルート,Lộ trình,路线
9,hinan,撮る,screenshot,スクリーンショット,Chụp ảnh,拍摄
11,hinan,住所から検索,Search by address,住所からさがす,Tìm kiếm từ địa chỉ,通过地址搜索
12,hinan,データベース登録件数,Number of database registrations,データベース登録件数,Số lượng mục đã đăng ký trong cơ sở dữ liệu,数据库登记件数
13,hinan,しばらくお待ちください..,Please wait..,ちょっと待ってね,Vui lòng chờ trong giây lát...,请稍候…
14,hinan,読込み件数が100％でない時は、すべてのデータを削除して、再度読込み処理を実行してください。,If the number of items read is not 100%、please delete all data and perform the reading process again.,読込み件数が100％でない時は、すべてのデータを削除して、再度読込み処理を実行してください。,Nếu số lượng dữ liệu đọc vào chưa đạt 100%、 hãy xóa tất cả dữ liệu và thực hiện lại quá trình tải dữ liệu.,如果数据读取未达到100%、请删除所有数据后重新读取。
15,hinan,データ読込み,Data loading,データ読込み,Tải dữ liệu,读取数据
16,hinan,削除,Delete,消します,Xóa,删除
0,hinanSave,インターネットに接続できない状態に備えて、避難所・避難場所や避難所までにルート等を保存するページです。最大４画面保存できます。,This page saves evacuation sites、 evacuation sites、 routes to evacuation sites、 etc. in case you cannot connect to the Internet. Up to 4 screens can be saved.,インターネットにつなぐことができないときのために、ひなんするばしょやひなんするばしょにいくためのいきかたをのこしておくためのページです。いちばんおおくて4つぶんのこしておくことができます。,Trang lưu thông tin về nơi trú ẩn、 địa điểm sơ tán và lộ trình đến nơi trú ẩn để sử dụng trong trường hợp không có kết nối Internet. Có thể lưu tối đa 4 màn hình.,本页面可用于在无法连接互联网的情况下、保存避难所、避难地点及前往避难所的路线。最多可保存4个画面。
1,hinanSave,_画像をタップすると拡大できます。画像を長押しすると削除できます。,Tap the image to enlarge. Press and hold the image to delete it.,がめんをたっぷするとおおきくひょうじできます。がぞうをながおしするとそのがぞうをすてることができます。,Nhấn vào hình ảnh để phóng to. Nhấn giữ hình ảnh để xóa.,点击图片可放大、长按图片可删除。
2,hinanSave,撮る,screenshot,スクリーンショット,Chụp ảnh,拍摄
3,hinanSave,削除確認,Delete confirmation,すてたかどうかかくにんする,Xác nhận xóa,删除确认
4,hinanSave,このデータを削除していいですか？,Are you sure you want to delete this data?,このデータをすててもいいですか？,Bạn có chắc chắn muốn xóa dữ liệu này không?,确定要删除此数据吗？
5,hinanSave,データがいっぱいです。,Data is full.,データがたくさんになりました。,Dữ liệu đã đầy.,数据已满。
6,hinanSave,新しい写真を保存するには、既存の写真を削除してください。,Please delete the existing photo to save the new photo.,あたらしいしゃしんをのこしておくためには、もともとのこしてあったしゃしんをすててください。,Để lưu ảnh mới、 hãy xóa ảnh hiện có.,要保存新照片、请先删除现有照片。
7,hinanSave,削除するには、対象の写真を長押ししてください。,Long press on the desired photo to delete it.,しゃしんをすてるためには、すてたいとおもうしゃしんをながおししてください。,Để xóa、 hãy nhấn giữ ảnh cần xóa.,长按目标照片即可删除。
1,lv1,心構えを高める！, Increase preparedness !,こころのじゅんびをちゃんとする！,Nâng cao ý thức phòng bị!,提高防灾意识！
2,lv1,災害への心構えを高める必要があることを示す警戒レベル１です。,this is level 1 which indicates that you have necessary to increase preparedness.,さいがいへのこころのじゅんびをちゃんとするひつようがあることをあらわしているけいかいレベル1です。,Đây là mức cảnh báo cấp độ 1、 cho thấy cần nâng cao ý thức phòng bị trước thiên tai.,这是表示需要提高防灾意识的预警等级1。
3,lv1,最新の防災気象情報等に留意するなど、災害への心構えを高めてください。,please increase your preparedness for disaster to pay attension to the newest disaster privention informasion and so on,あたらしいさいがいのよほうやじょうほうなどにきをつけて、さいがいへのこころのじゅんびをしっかりとしましょう。,Hãy chú ý đến thông tin khí tượng phòng chống thiên tai mới nhất để nâng cao ý thức phòng bị trước thiên tai.,请关注最新的防灾气象信息等、提高防灾意识。
4,lv2,避難行動の確認！,confirm the action for refuge,ひなんするためのこうどうのみなおし！,Xác nhận hành động sơ tán!,确认避难行动！
5,lv2,避難行動の確認が必要とされる警戒レベル２です。,this is level 2 which indicates that requires to confirm the action for refuge,ひなんするためのこうどうのみなおしがひつようとしているけいかいレベル2です。,Đây là mức cảnh báo cấp độ 2、 yêu cầu xác nhận hành động sơ tán.,这是需要确认避难行动的预警等级2。
6,lv2,ハザードマップ等により、災害が想定されている区域や避難先、避難経路を確認してください。,please confirm the action for refuge and check evacuation sites and areas where disasters are estimated ,ハザードマップなどによって、さいがいのかのうせいがあるかもしれないばしょやひなんするばしょ、ひなんするときのいきかたをみなおしてください。,Hãy kiểm tra bản đồ nguy hiểm (hazard map)、 khu vực dự kiến bị thiên tai、 nơi sơ tán và lộ trình sơ tán.,请使用灾害地图等确认可能发生灾害的区域、避难地点及避难路线。
7,lv3,高齢者は危険な場所から避難！,seniors please refuge from dangerous place,おじいちゃんおばあちゃんはあぶないばしょからにげよう！,Người cao tuổi cần sơ tán khỏi nơi nguy hiểm!,老年人应立即从危险区域避难！
8,lv3,地元の自治体が警戒レベル３高齢者等避難を発令する目安となる情報です。高齢者等は危険な場所からの避難が必要とされる警戒レベル３に相当します。,this is level 3 which indicates that seniors need to refuge from dangerous place. And this is a standard information that municipalities issue evacuation order for elderly、etc.,じぶんのすんでいるちくのじちたいがけいかいレベル3おじいちゃんおばあちゃんたちのひなんをするめやすとなるじょうほうです。おじいちゃんおばあちゃんはきけんなばしょからにげるひつようがあるけいかいレベル3になります。,Đây là thông tin làm cơ sở để chính quyền địa phương ban hành mức cảnh báo cấp độ 3 về sơ tán người cao tuổi.Cấp độ cảnh báo 3 yêu cầu người cao tuổi cần phải sơ tán khỏi nơi nguy hiểm.,这是当地政府发布预警等级3（老年人等避难）的参考信息。
9,lv3,災害が想定されている区域等では、自治体からの高齢者等避難の発令に留意するとともに、高齢者等以外の方もキキクル（危険度分布）や河川の水位情報等を用いて避難の準備をしたり自ら避難の判断をしたりしてください。,please pay attension to anouncement evacuation order for elderly、etc. others get ready to refuge and figure to refuge by yourselves by considering Kikikuru or River water level infomation. ,さいがいがおこるかもしれないばしょは、じぶんのすんでいるちくのじちたいからのおじいちゃんおばあちゃんたちのひなんのめいれいにきをつけておいて、おじいちゃんおばあちゃんたちいがいのひとたちもキキクル（きけんレベルひょう）やかわのみずのりょうにじょうほうなどをつかってひなんするためのじゅんびをしたり、じぶんでひなんをするかどうかをきめてください。,Ở các khu vực có nguy cơ thiên tai、 hãy chú ý thông tin sơ tán dành cho người cao tuổi từ chính quyền địa phương. Những người khác ngoài người cao tuổi cũng nên sử dụng thông tin Kikikuru (phân bố mức độ nguy hiểm) và mực nước sông để chuẩn bị hoặc tự đưa ra quyết định sơ tán.,在预计会发生灾害的区域、请注意政府发布的老年人等避难通知。同时、非老年人群体也应利用**キキクル（危险度分布）**或河流水位信息做好避难准备、并自主判断是否需要避难。
10,lv4,危険な場所から避難！,please refuge from dangerous place,きけんなばしょからすぐににげよう！,Sơ tán khỏi nơi nguy hiểm!,立即从危险区域避难！
11,lv4,地元の自治体が警戒レベル４避難指示を発令する目安となる情報です。危険な場所からの避難が必要とされる警戒レベル４に相当します。,this is level 4 which indicates that needs to refuge from dangerous place. And this is a piece of standard information that municipalities issue evacuation order.,じぶんのすんでいるちくのじちたいがけいかいレベル4ひなんめいれいをだすめやすとなるじょうほうです。きけんなばしょからひなんしてにげることがひつようになるけいかいレベル4にあたります。,Đây là thông tin làm cơ sở để chính quyền địa phương ban hành mức cảnh báo cấp độ 4 về chỉ thị sơ tán.Cấp độ cảnh báo 4 yêu cầu sơ tán khỏi nơi nguy hiểm.,这是当地政府发布预警等级4（避难指示）的参考信息。
12,lv4,災害が想定されている区域等では、自治体からの避難指示の発令に留意するとともに、避難指示が発令されていなくてもキキクル（危険度分布）や河川の水位情報等を用いて自ら避難の判断をしてください。,please pay attension to anouncement evacuation order、 get ready to refuge and figure to refuge by yourselves by considering Kikikuru or River water level infomation. ,さいがいがおこるかもしれないばしょは、じぶんのすんでいるちくのじちたいからのおじいちゃんおばあちゃんたちのひなんのめいれいにきをつけておいて、おじいちゃんおばあちゃんたちいがいのひとたちもキキクル（きけんレベルひょう）やかわのみずのりょうにじょうほうなどをつかってひなんするためのじゅんびをしたり、じぶんでひなんをするかどうかをきめてください。,Ở các khu vực dự kiến xảy ra thiên tai、 hãy chú ý đến chỉ thị sơ tán từ chính quyền địa phương. Ngay cả khi chưa có chỉ thị sơ tán、 hãy sử dụng thông tin Kikikuru (phân bố mức độ nguy hiểm) hoặc mực nước sông để tự đưa ra quyết định sơ tán.,在预计会发生灾害的区域、请注意政府发布的避难指示。此外、即使尚未发布避难指示、也应利用**キキクル（危险度分布）**或河流水位信息来自行判断是否需要避难。
13,lv5,高い所へ避難！！川から離れる！,refuge to higher ground ! leave river !,たかいばしょへにげる！かわからはなれて！,Sơ tán lên nơi cao!! Tránh xa dòng sông!,立即前往高处避难！远离河流！
14,lv5,地元の自治体が警戒レベル５緊急安全確保を発令する判断材料となる情報です。災害が発生又は切迫していることを示す警戒レベル５に相当します。,this is level 5 which indicates that disasters are coming or occured. And this can be information that municipalities issue emergency ensuring safety order.,じぶんのすんでいるちくのじちたいがけいかいレベル5きんきゅうあんぜんかくほをめいれいするかどうかをきめるじょうほうです。さいがいがおこったり、さいがいがおこってあせっていることをあらわしているけいかいレベル5です。,Đây là thông tin làm cơ sở để chính quyền địa phương ban hành mức cảnh báo cấp độ 5 về đảm bảo an toàn khẩn cấp.Cấp độ cảnh báo 5 cho thấy thiên tai đã xảy ra hoặc đang cận kề.,这是当地政府可能发布预警等级5（紧急安全保障）的参考信息。预警等级5表明灾害已经发生或即将发生。
15,lv5,何らかの災害がすでに発生している可能性が極めて高い状況となっています。命の危険が迫っているため直ちに身の安全を確保してください。,it is very likely that some kind of disaster has been occurred. Please ensure safety immediately as danger is approaching to your life.,なにかさいがいがいまのじてんでおこっているかのうせいがすごくたかくなっています。いのちのきけんがどんどんせまっているからいますぐにじぶんのみをまもるためのこうどうをとってください。,Có khả năng rất cao rằng một số thiên tai đã xảy ra.Nguy hiểm đến tính mạng đang cận kề、 vì vậy hãy lập tức đảm bảo an toàn cho bản thân.,目前极有可能已经发生某种灾害、生命安全受到威胁。请立即采取行动确保人身安全！
0,tuti,スイッチをOnにするとアプリが動作したときに通知を受け取れます。,When you turn on the switch、 you will receive notifications when the app is running.,スイッチをOnにするとアプリがうごいたときにつうちをうけとれます。,Khi bạn bật công tắc、 bạn sẽ nhận được thông báo khi ứng dụng hoạt động.,当您打开开关时、应用运行时会收到通知。
1,tuti,雷注意報,Thunderstorm Advisory,かみなりちゅういほう,Cảnh báo sấm sét,雷电注意报告 / 雷电预警
2,tuti,熱中症アラート,Heat Stroke Alert,ねっちゅうしょうアラート,Cảnh báo sốc nhiệt,中暑警报 / 高温中暑预警
0,splash,SHS災害.infoとは\nこのアプリは、2017年に佐土原高校の生徒によって「災害や防災に関する情報を発信するアプリ」という目的で名付けられました\n2025年で9年目を迎える、防災情報発信アプリです。,What is SHS災害.info?\nThis app was named by students of Sadowara High School in 2017 with the goal of being an app that provides information on disasters and disaster prevention.\nThis disaster prevention information dissemination app will be in its ninth year in 2025.,SHS災害.infoとは\nこのアプリは、2017年に佐土原高校の生徒によって「災害や防災に関する情報を発信するアプリ」という目的で名付けられました\n2025年で9年目を迎える、防災情報発信アプリです。,SHS災害.info là gì?\nỨng dụng này được học sinh trường trung học Sadowara đặt tên vào năm 2017 với mục đích là ứng dụng cung cấp thông tin về thảm họa và phòng chống thảm họa.\nĐây là ứng dụng phổ biến thông tin phòng chống thiên tai sẽ kỷ niệm năm thứ chín vào năm 2025,SHS災害.info 是什么？\n该应用程序由佐土原高中的学生于2017年命名、旨在成为提供有关灾害和防灾信息的应用程序。\n这是一款防灾信息传播应用程序、2025年将迎来第九个年头。
1,splash,監修：宮﨑地方気象台\nデザイン：産業デザイン科\nプログラム：情報技術部,Supervised by: Miyazaki Local Meteorological Observatory\nDesign: Department of Industrial Design\nProgram: Information Technology Club,監修：宮﨑地方気象台\nデザイン：産業デザイン科\nプログラム：情報技術部,Được giám sát bởi: Đài Khí tượng khu vực Miyazaki\nThiết kế: Khoa Thiết kế Công nghiệp\nLập trình: Bộ phận Công nghệ Thông tin,监制：宫崎地方气象台\n设计：工业设计科\n程序设计：信息技术部
56,mochi,高齢者に必要なもの,Items for elderly,おとしよりにひつようなもの,Vật dụng cho người cao tuổi,老人用品
57,mochi,女性に必要なもの,Items for women,じょせいにひつようなもの,Vật dụng cho phụ nữ,女性用品
58,mochi,簡易トイレ,Portable toilet,かんいトイレ,Nhà vệ sinh di động,简易厕所
59,mochi,ペットに必要なもの,Items for pets,ペットにひつようなもの,Vật dụng cho thú cưng,宠物用品
60,mochi,・入れ歯・補聴器\n・常備薬\n・お薬手帳\n・大人用おむつ\n・老眼鏡,・Dentures/Hearing aids\n・Regular medicine\n・Medicine notebook\n・Adult diapers\n・Reading glasses,・いれば・ほちょうき\n・じょうびやく\n・おくすりてちょう\n・おとなようおむつ\n・ろうがんきょう,・Răng giả/Máy trợ thính\n・Thuốc thường dùng\n・Sổ tay dùng thuốc\n・Tã người lớn\n・Kính lão,・假牙・助听器\n・常备药\n・用药手册\n・成人尿布\n・老花镜
61,mochi,高齢者の方は、普段使っているものが避難所では手に入りにくいことがあります。命や生活に関わるものを優先的に準備しましょう。,For elderly people、 items they usually use may be difficult to obtain at evacuation centers. Prioritize preparing items related to life and daily living.,おとしよりのひとは、ふだんつかっているものがひなんじょではてにはいりにくいことがあります。いのちやせいかつにかかわるものをゆうせんてきにじゅんびしましょう。,Đối với người cao tuổi、 những vật dụng thường dùng có thể khó tìm thấy tại nơi trú ẩn. Hãy ưu tiên chuẩn bị những thứ liên quan đến tính mạng và sinh hoạt hàng ngày.,老年人平时使用的物品在避难所可能难以获得。请优先准备与生命和日常生活相关的物品。
62,mochi,・生理用品\n・サニタリーショーツ\n・おりものシート\n・鏡\n・ヘアゴム,・Sanitary products\n・Sanitary shorts\n・Panty liners\n・Mirror\n・Hair ties,・せいりようひん\n・サニタリーショーツ\n・おりものシート\n・かがみ\n・ヘアゴム,・Dụng cụ vệ sinh phụ nữ\n・Quần lót vệ sinh\n・Băng vệ sinh hàng ngày\n・Gương\n・Chun buộc tóc,・生理用品\n・生理裤\n・护垫\n・镜子\n・发圈
63,mochi,避難所ではプライバシーの確保が難しく、衛生面でも不安が生じやすいです。自分に合った衛生用品を用意しておきましょう。,At evacuation centers、 it is difficult to ensure privacy、 and there is often concern about hygiene. Prepare hygiene products that suit you.,ひなんじょではプライバシーのかくほがむずかしく、えいせいめんでもふあんがしょうじやすいです。じぶんにあったえいせいようひんをよういしておきましょう。,Tại nơi trú ẩn、 việc đảm bảo riêng tư rất khó khăn và dễ nảy sinh lo ngại về vệ sinh. Hãy chuẩn bị sẵn các dụng cụ vệ sinh phù hợp với bản thân.,在避难所、保障隐私较为困难、卫生方面也容易产生不安。请准备好适合自己的卫生用品。
64,mochi,断水時にはトイレが使えなくなります。簡易トイレや凝固剤を用意しておくと、不衛生な状態を防ぐことができます。,Toilets will be unusable during water outages. Preparing portable toilets and coagulants can prevent unsanitary conditions.,だんすいのときにはトイレがつかえなくなります。かんいトイレやぎょうこざいをよういしておくと、ふえいせいなじょうたいをふせぐことができます。,Khi mất nước、 nhà vệ sinh sẽ không thể sử dụng. Chuẩn bị sẵn nhà vệ sinh di động và chất đông đặc có thể ngăn chặn tình trạng mất vệ sinh.,断水时厕所将无法使用。准备简易厕所和凝固剂可以防止不卫生的情况发生。
65,mochi,・リード・首輪\n・ペット用トイレシート\n・おもちゃ\n・健康保険証（あれば）,・Leash/Collar\n・Pet toilet sheets\n・Toys\n・Health insurance card (if any),・リード・くびわ\n・ペットようトイレシート\n・おもちゃ\n・けんこうほけんしょう,・Dây xích/Vòng cổ\n・Tấm lót vệ sinh cho thú cưng\n・Đồ chơi\n・Thẻ bảo hiểm y tế (nếu có),・牵引绳・项圈\n・宠物用排泄垫\n・玩具\n・健康保险证（如有）
66,mochi,ペットとの同行避難では、周囲への配慮が不可欠です。普段使い慣れたものを用意し、ストレスを軽減してあげましょう。,When evacuating with your pet、 consideration for those around you is essential. Prepare items your pet is used to using to reduce their stress.,ペットとのどうこうひなんでは、しゅういへのはいりょがふかけつです。ふだんつかいなれたものをよういし、ストレスをけいげんしてあげましょう。,Khi sơ tán cùng thú cưng、 việc quan tâm đến mọi người xung quanh là rất quan trọng. Hãy chuẩn bị những vật dụng quen thuộc để giúp chúng giảm bớt căng thẳng.,与宠物一同避难时、顾及周围人是必不可少的。请准备好宠物平时用惯的物品、以减轻它们的压力。
67,mochi,男性,Male,だんせい,Nam giới,男性
68,mochi,子供,Child,こども,Trẻ em,儿童
69,mochi,子供に必要なもの,Items for children,こどもにひつようなもの,Vật dụng cho trẻ em,儿童用品
70,mochi,・子供用衣類\n・お菓子\n・おもちゃ\n・迷子札,・Children's clothes\n・Snacks\n・Toys\n・ID tag,・こどもようのふく\n・おかし\n・おもちゃ\n・まいごふだ,・Quần áo trẻ em\n・Đồ ăn vặt\n・Đồ chơi\n・Thẻ tên,・儿童衣物\n・零食\n・玩具\n・防丢牌
71,mochi,子供がいる場合は、環境の変化に敏感になりやすいです。お気に入りのお菓子や、安心できるものを用意しておきましょう。,Children are sensitive to environmental changes. Prepare their favorite snacks and items that make them feel secure.,こどもがいるばあいは、かんきょうのへんかにびんかんになりやすいです。おきにいりのおかしや、あんしんできるものを用意しておきましょう。,Trẻ em thường nhạy cảm với sự thay đổi môi trường. Hãy chuẩn bị đồ ăn vặt yêu thích và những vật dụng mang lại cảm giác an tâm cho bé.,孩子对环境变化比较敏感。请准备好他们喜欢的零食和能让他们感到安心的物品。
72,mochi,性別を選択してください,Select gender,せいべつをえらんでください,Chọn giới tính,选择性别
73,mochi,家族構成を選択してください,Select family composition,かぞくをえらんでください,Chọn thành phần gia đình,选择家庭构成
74,mochi,ペットの有無を選択してください,Select pet ownership,ペットがいるかえらんでください,Chọn việc có thú cưng hay không,选择是否有宠物
75,mochi,男性に必要なもの,Items for men,だんせいにひつようなもの,Vật dụng cho nam giới,男性用品
76,mochi,・カミソリ\n・シェービングフォーム,・Razor\n・Shaving foam,・かみそり\n・しぇーびんぐふぉーむ,・Dao cạo râu\n・Kem cạo râu,・剃须刀・剃须膏
77,mochi,男性特有の衛生用品も忘れずに準備しましょう。,Don't forget to prepare hygiene products specific to men.,だんせいとくゆうのえいせいようひんもわすれずにじゅんびしましょう。,Đừng quên chuẩn bị các dụng cụ vệ sinh dành riêng cho nam giới.,别忘了准备男性特有的卫生用品。
78,mochi,女性,Female,じょせい,Phụ nữ,女性
79,mochi,赤ちゃん,Baby,あかちゃん,Em bé,婴儿
80,mochi,高齢者,Elderly,こうれいしゃ,Người cao tuổi,老年人
81,mochi,ペット,Pet,ペット,Thú cưng,宠物
0,wizard,性別選択,Select Gender,せいべつせんたく,Chọn giới tính,选择性别
1,wizard,男性,Male,だんせい,Nam giới,男性
2,wizard,女性,Female,じょせい,Phụ nữ,女性
3,wizard,その他,Other,そのた,Khác,其他
4,wizard,次へ,Next,つぎへ,Tiếp theo,下一步
5,wizard,子供・赤ちゃんの有無,Presence of children/babies,こども・あかちゃんのうむ,Có trẻ em/trẻ sơ sinh không,是否有孩子/婴儿
6,wizard,いない,None,いない,Không có,没有
7,wizard,子供がいる,Child present,こどもがいる,Có trẻ em,有孩子
8,wizard,赤ちゃんがいる,Baby present,あかちゃんがいる,Có trẻ sơ sinh,有婴儿
9,wizard,ペットの有無,Presence of pets,ペットのうむ,Có thú cưng không,是否有宠物
10,wizard,いる,Yes,いる,Có,有
11,wizard,いない,No,いない,Không,没有
12,wizard,結果を見る,View Results,けっかをみる,Xem kết quả,查看结果
13,wizard,備蓄品TODOリスト,Stockpile TODO List,びちくひんTODOりすと,Danh sách TODO đồ dự phòng,备蓄品TODO列表
14,wizard,水,Water,みず,Nước,水
15,wizard,非常食,Emergency Food,ひじょうしょく,Thực phẩm khẩn cấp,非常食
16,wizard,懐中電灯,Flashlight,かいちゅうでんとう,Đèn pin,手电筒
17,wizard,モバイルバッテリー,Mobile Battery,モバイルバッテリー,Pin sạc dự phòng,移动电源
18,wizard,生理用品,Sanitary Products,せいりようひん,Dụng cụ vệ sinh phụ nữ,生理用品
19,wizard,子供用非常食,Emergency Food for Children,こどもようひじょうしょく,Thực phẩm khẩn cấp cho trẻ em,儿童用非常食
20,wizard,粉ミルク,Powdered Milk,こなみるく,Sữa bột,奶粉
21,wizard,おむつ,Diapers,おむつ,Tã,尿布
22,wizard,ペットフード,Pet Food,ぺっとふーど,Thức ăn cho thú cưng,宠物食品
23,wizard,ペット用水,Water for Pets,ぺっとようのみず,Nước cho thú cưng,宠物用水
24,wizard,備蓄品診断,Stockpile Diagnosis,びちくひんしんだん,Chẩn đoán đồ dự phòng,备蓄品诊断
